trading_name,business_address,num_patrons,longitude,latitude,clue_area,capacity_category,census_year
The Owl & The Pussycat,"Shop 2, Ground , 333 Exhibition Street MELBOURNE 3000",100,144.96806936930756,-37.80780226572104,Melbourne (CBD),Medium (50-149),2007
Underbridge Sports Bar & Cafe,Part 816 Lorimer Street PORT MELBOURNE 3207,60,144.9309905271,-37.82204522292776,Port Melbourne,Medium (50-149),2015
VS Sports Bar,"Part Level 2, 206 Bourke Street MELBOURNE 3000",80,144.96687115185,-37.81267380947152,Melbourne (CBD),Medium (50-149),2017
Little Red Pocket,"Front Mezzanine , 422 Little Collins Street MELBOURNE 3000",200,144.960326283,-37.81590751060847,Melbourne (CBD),Large (150+),2018
Ding Dong Lounge,"Level 1, 18 Market Lane MELBOURNE 3000",300,144.96940300382883,-37.8117510903,Melbourne (CBD),Large (150+),2018
Metropolitan Hotel,263-267 William Street MELBOURNE 3000,300,144.95658352206044,-37.812923770050006,Melbourne (CBD),Large (150+),2019
Nomads Melbourne,196-200 A'Beckett Street MELBOURNE VIC 3000,200,144.9574428265,-37.809991913454375,Melbourne (CBD),Large (150+),2020
Waterfront Venues Melbourne,"Suite 2, Level 1 78 Newquay Promenade DOCKLANDS VIC 3008",1059,144.93958160663215,-37.8152440667,Docklands,Large (150+),2020
Whiskey Den,"Lot 2B, Ground 27 Russell Street MELBOURNE VIC 3000",40,144.9692476162641,-37.81598739985,Melbourne (CBD),Small (< 50),2023
Chaise Lounge,Basement 105 Queen Street MELBOURNE VIC 3000,140,144.96081186462072,-37.816154899500006,Melbourne (CBD),Medium (50-149),2023
Glamp Bar,"Shop 1, 236 Little Collins Street MELBOURNE VIC 3000",200,144.96680036332666,-37.8141314686,Melbourne (CBD),Large (150+),2023
Madame Brussels,Level 3 59-63 Bourke Street MELBOURNE VIC 3000,256,144.9715655659,-37.81212342700134,Melbourne (CBD),Large (150+),2023
Alto Event Space,Office T03 338-352 Bourke Street MELBOURNE VIC 3000,400,144.96328859745,-37.813603510656634,Melbourne (CBD),Large (150+),2023
Trapt Bar & Escape Rooms,"Unit 1, 377 Lonsdale Street MELBOURNE VIC 3000",331,144.96145448655,-37.8128794732693,Melbourne (CBD),Large (150+),2023
Hoyts,Cinema Level 3 300 Lonsdale Street MELBOURNE VIC 3000,300,144.96283887063584,-37.8109017475,Melbourne (CBD),Large (150+),2023
Benchwarmer,Ground 345 Victoria Street WEST MELBOURNE VIC 3003,90,144.9499612966,-37.80546285827148,West Melbourne (Residential),Medium (50-149),2023
White Bark Wine,Ground 313 Victoria Street WEST MELBOURNE VIC 3003,50,144.95109253555,-37.80556535749169,West Melbourne (Residential),Medium (50-149),2023
Hotel Pullman on The Park,Pullman Melbourne on the Park 192 Wellington Parade EAST MELBOURNE VIC 3002,280,144.9834985310669,-37.81582309525,East Melbourne,Large (150+),2023
Crown Entertainment Complex,Crown Entertainment Complex Crown Casino 8 Whiteman Street SOUTHBANK VIC 3006,320,144.95833415319856,-37.8231615915,Southbank,Large (150+),2023
The Boatbuilders Yard,23 South Wharf Promenade SOUTH WHARF VIC 3006,1438,144.953427152051,-37.8243151474,Southbank,Large (150+),2023
Dreams Gentlemen's Club,288 Flinders Street MELBOURNE VIC 3000,160,144.96460797480603,-37.8180566348,Melbourne (CBD),Large (150+),2023
Akai Ito / Ototo,349 Flinders Lane MELBOURNE VIC 3000,120,144.9628576858,-37.8178728705466,Melbourne (CBD),Medium (50-149),2023
Garden State Hotel,95-101 Flinders Lane MELBOURNE VIC 3000,840,144.97109866785,-37.8155271957592,Melbourne (CBD),Large (150+),2023
Meatball & Wine Bar,Ground 135 Flinders Lane MELBOURNE VIC 3000,110,144.97015887790002,-37.81573933184235,Melbourne (CBD),Medium (50-149),2023
Batman's Hill On Collins,623 Collins Street MELBOURNE VIC 3000,1500,144.95468930417508,-37.8192924326,Melbourne (CBD),Large (150+),2023
Hell's Kitchen,Mezzanine 20A Centre Place MELBOURNE VIC 3000,55,144.96559654045,-37.81660289619204,Melbourne (CBD),Medium (50-149),2023
Hotel Sophia,Hotel Sophia 277-287 King Street MELBOURNE VIC 3000,116,144.95419986245005,-37.81367554097035,Melbourne (CBD),Medium (50-149),2023
Father's Office,249 Little Lonsdale Street MELBOURNE VIC 3000,338,144.965725053002,-37.81067861705,Melbourne (CBD),Large (150+),2023
Podium,Part Ground 501 Swanston Street MELBOURNE VIC 3000,200,144.96192497362023,-37.80693100035,Melbourne (CBD),Large (150+),2023
Taquito,350-352 Drummond Street CARLTON VIC 3053,100,144.969271200536,-37.7977107399,Carlton,Medium (50-149),2023
Left Bank Melbourne,Part Ground 1 Southbank Boulevard SOUTHBANK VIC 3006,400,144.96286670927697,-37.82103934615,Southbank,Large (150+),2023
Melbourne Marriott Hotel Docklands,15 Waterfront Way DOCKLANDS VIC 3008,62,144.9391383741,-37.81372142742242,Docklands,Medium (50-149),2023
Grosvenor Tavern,"Basement , 25 Little Collins Street MELBOURNE 3000",230,144.96300475180894,-37.81569962584264,Melbourne (CBD),Large (150+),2004
Plough and Harrow Hotel,125-127 Swanston Street CARLTON 3053,400,144.96395480388765,-37.80277137275811,Carlton,Large (150+),2006
Sen Karaoke Bar,231-233 Exhibition Street MELBOURNE 3000,120,144.96952230092296,-37.810509029672616,Melbourne (CBD),Medium (50-149),2007
Tilt,272 Russell Street MELBOURNE 3000,130,144.96714253225628,-37.81007370116682,Melbourne (CBD),Medium (50-149),2007
Barber Bar,"Ground , 315 Victoria Street WEST MELBOURNE 3003",50,144.95104717105,-37.80556551099649,West Melbourne (Residential),Medium (50-149),2011
Vodka Locka & Red Leaf Restaurant,2 Boundary Road NORTH MELBOURNE 3051,40,144.9392476268893,-37.7953162502,North Melbourne,Small (< 50),2011
Menzies Tavern Hotel,"Unit 1, Basement , 446-452 Collins Street MELBOURNE 3000",197,144.95945271555306,-37.81730587963641,Melbourne (CBD),Large (150+),2016
Word,14-20 Goldie Place MELBOURNE 3000,200,144.96073157987536,-37.81328635195,Melbourne (CBD),Large (150+),2017
Disco Bar,"Basement , 167 Franklin Street MELBOURNE 3000",200,144.95915618785,-37.80897727672806,Melbourne (CBD),Large (150+),2018
Dan O'Connell Hotel,223-227 Canning Street CARLTON 3053,100,144.97338802913018,-37.793030424449995,Carlton,Medium (50-149),2019
Vibe Hotel,419-443 Royal Parade PARKVILLE 3052,69,144.95881538955987,-37.78289819395,Parkville,Medium (50-149),2019
The Mug House,Part Ground 440 Collins Street MELBOURNE VIC 3000,80,144.95976167600003,-37.81703292415311,Melbourne (CBD),Medium (50-149),2021
Spearmint Rhino Gentlemen's Club,Gnd & Flr1 20 King Street MELBOURNE VIC 3000,660,144.9577137804946,-37.8197759733,Melbourne (CBD),Large (150+),2023
Young & Jacksons,Young And Jacksons Hotel 1-7 Swanston Street MELBOURNE VIC 3000,470,144.96702291591578,-37.8173559295,Melbourne (CBD),Large (150+),2023
The Black Rabbit,Basement 85 Queen Street MELBOURNE VIC 3000,230,144.96102193282508,-37.8164972607,Melbourne (CBD),Large (150+),2023
The Bank On Collins,Mezzanine 394 Collins Street MELBOURNE VIC 3000,300,144.96107938833774,-37.8166130827,Melbourne (CBD),Large (150+),2023
RACV City Club,501 Bourke Street MELBOURNE VIC 3000,150,144.9595844372,-37.81588561749844,Melbourne (CBD),Large (150+),2023
The Luwow,212 Little Collins Street MELBOURNE VIC 3000,50,144.96715296055,-37.813901255761195,Melbourne (CBD),Medium (50-149),2023
Cabinet Bar,11 Rainbow Alley MELBOURNE VIC 3000,90,144.96620165918984,-37.81417663385,Melbourne (CBD),Medium (50-149),2023
Lily Blacks,"Shop 3, 12-18 Meyers Place MELBOURNE VIC 3000",95,144.9724843766,-37.81225381732877,Melbourne (CBD),Medium (50-149),2023
Campari House,21-25 Hardware Lane MELBOURNE VIC 3000,326,144.96131410750897,-37.81409145355,Melbourne (CBD),Large (150+),2023
The European,Ground 161 Spring Street MELBOURNE VIC 3000,703,144.97242969410638,-37.81095112345,Melbourne (CBD),Large (150+),2023
Fad Gallery,Gnd & Flr1 14 Corrs Lane MELBOURNE VIC 3000,80,144.96843180726552,-37.8112296141,Melbourne (CBD),Medium (50-149),2023
Sao Bar & BBQ,"Shop A, 550 Lonsdale Street MELBOURNE VIC 3000",100,144.95600158025002,-37.81346261063083,Melbourne (CBD),Medium (50-149),2023
Baroq House,Gnd & Bmt 2 Drewery Place MELBOURNE VIC 3000,303,144.9639702580742,-37.81130312385,Melbourne (CBD),Large (150+),2023
Miscellania,Level 2 & Roof 401 Swanston Street MELBOURNE VIC 3000,290,144.96321775777238,-37.8090429901,Melbourne (CBD),Large (150+),2023
BRICK LANE SHED,Stall P1-3 Shed M Queen Victoria Market 50 Peel Street MELBOURNE VIC 3000,85,144.9576272223,-37.807832574221266,Melbourne (CBD),Medium (50-149),2023
ReWine,460 Queen Street MELBOURNE VIC 3000,38,144.9584857015114,-37.80786989635,Melbourne (CBD),Small (< 50),2023
Green Man's Arms,414-422 Lygon Street CARLTON VIC 3053,120,144.96781234675,-37.79694533648168,Carlton,Medium (50-149),2023
Al Dente Sapori,Part 161-163 Nicholson Street CARLTON VIC 3053,12,144.97480119085986,-37.79638866855,Carlton,Small (< 50),2023
The Last Jar,Royal Artillery Hotel 614-616 Elizabeth Street MELBOURNE VIC 3000,250,144.95890988876312,-37.8038839765,Carlton,Large (150+),2023
The Curtin,John Curtin Hotel 27-31 Lygon Street CARLTON VIC 3053,283,144.965698550926,-37.806199457999995,Carlton,Large (150+),2023
The Angry Dog,405-407 Spencer Street WEST MELBOURNE VIC 3003,200,144.9499485073871,-37.81089026235,West Melbourne (Residential),Large (150+),2023
The General Assembly,29 South Wharf Promenade SOUTH WHARF VIC 3006,625,144.9506146124694,-37.82411173505,Southbank,Large (150+),2023
44 Bar,42-44 Lonsdale Street MELBOURNE 3000,260,144.971074722117,-37.80914252179053,Melbourne (CBD),Large (150+),2002
Hotel Milan,186-190 Lygon Street CARLTON 3053,540,144.96693072583696,-37.80264148995404,Carlton,Large (150+),2006
Recorded Music Salon,Collins Street MELBOURNE 3000,110,144.97346124155,-37.81376862299815,Melbourne (CBD),Medium (50-149),2010
Vibe Savoy Hotel Melbourne,626-636 Spencer Street MELBOURNE 3000,40,144.95392973346546,-37.81777222815,Melbourne (CBD),Small (< 50),2012
The Joint Bar,Level 1-2 35 Elizabeth Street MELBOURNE VIC 3000,329,144.96433442319747,-37.81742176045,Melbourne (CBD),Large (150+),2023
Jack & Bones,Basement 107 Flinders Lane MELBOURNE VIC 3000,230,144.970834384,-37.815606546589706,Melbourne (CBD),Large (150+),2023
Dessous,Basement 164 Flinders Lane MELBOURNE VIC 3000,161,144.96876152725,-37.81545151804356,Melbourne (CBD),Large (150+),2023
Bar Americano,20 Presgrave Place MELBOURNE VIC 3000,10,144.9656017104,-37.814831977068074,Melbourne (CBD),Small (< 50),2023
Handpicked Urban Cellar Door Melbourne,8 Benson Walk MELBOURNE VIC 3000,353,144.9706863215771,-37.81363930815,Melbourne (CBD),Large (150+),2023
V Wine Salon,Part Rear Ground & Part Ground 673 Bourke Street MELBOURNE VIC 3000,70,144.9541002451,-37.8172183934914,Melbourne (CBD),Medium (50-149),2023
CitiClub On Queen Hotel,"Pt Gnd & Lvl 1, Level 2-7 113 Queen Street MELBOURNE VIC 3000",940,144.96063602022025,-37.81581228435,Melbourne (CBD),Large (150+),2023
DaHa Bar Lounge & Club,Level 15 123 Queen Street MELBOURNE VIC 3000,200,144.96063602022025,-37.81581228435,Melbourne (CBD),Large (150+),2023
The Turf Accountants,"Unit 1, LwrGround 131 Queen Street MELBOURNE VIC 3000",527,144.96053353722417,-37.8154953739,Melbourne (CBD),Large (150+),2023
Bodega Underground,"Shop 2, 47-55 Little Bourke Street MELBOURNE VIC 3000",60,144.9711096464,-37.81102403390212,Melbourne (CBD),Medium (50-149),2023
The Melbourne Mens Gallery,597-603 Lonsdale Street MELBOURNE VIC 3000,675,144.95449168755,-37.814945781196954,Melbourne (CBD),Large (150+),2023
Denmark House,"Suite 301, Level 3 428 Little Bourke Street MELBOURNE VIC 3000",100,144.95972661730002,-37.813924256243226,Melbourne (CBD),Medium (50-149),2023
Ferdydurke,Level 1-2 239 Lonsdale Street MELBOURNE VIC 3000,100,144.96537788535,-37.81159432758615,Melbourne (CBD),Medium (50-149),2023
Idarts Hive,243 Little Lonsdale Street MELBOURNE VIC 3000,100,144.965725053002,-37.81067861705,Melbourne (CBD),Medium (50-149),2023
Melbourne Whisky Room,Level 1 270A Russell Street MELBOURNE VIC 3000,50,144.96716401209824,-37.81011057515,Melbourne (CBD),Medium (50-149),2023
Little Lon Distilling Co,17 Casselden Place MELBOURNE VIC 3000,30,144.97072895345,-37.809196151079576,Melbourne (CBD),Small (< 50),2023
Her Bar,"Ground & Part Level 2, 268-270 Lonsdale Street, MELBOURNE VIC 3000",40,144.96414510925,-37.81148566819091,Melbourne (CBD),Small (< 50),2023
Pearson And Murphy's Cafe,"Part Building 1, Ground 124 La Trobe Street MELBOURNE VIC 3000",156,144.96458869234556,-37.80821791505,Melbourne (CBD),Large (150+),2023
the Prince Alfred Rooftop and Bar,Prince Alfred Hotel 191-197 Grattan Street CARLTON VIC 3053,492,144.96220861044998,-37.80045758588996,Carlton,Large (150+),2023
Players On Lygon,Ground 200 Lygon Street CARLTON VIC 3053,200,144.9670957081052,-37.8024641156,Carlton,Large (150+),2023
Vodka Temple,160-162 Lygon Street CARLTON VIC 3053,195,144.96677026349136,-37.803441274449995,Carlton,Large (150+),2023
Lord Lygon Wine Shop & Bar,Part Ground 66 Lygon Street CARLTON VIC 3053,80,144.9665746353691,-37.80530314955,Carlton,Medium (50-149),2023
Common Rooms At Trades Hall,Part Ground 54 Victoria Street CARLTON VIC 3053,174,144.96641240315,-37.806440108077425,Carlton,Large (150+),2023
McMahons Hotel,McMahon's Hotel 573-579 Spencer Street WEST MELBOURNE VIC 3003,160,144.94698888542996,-37.80740715385,West Melbourne (Residential),Large (150+),2023
Novotel Melbourne South Wharf,Novotel Melbourne South Wharf Hotel 7 Convention Centre Place SOUTH WHARF VIC 3006,50,144.95231929429832,-37.8254299844,Southbank,Medium (50-149),2023
Mesh,Part Ground 1-25 Whiteman Street SOUTHBANK VIC 3006,250,144.96001926803643,-37.8239807098,Southbank,Large (150+),2023
Bar Nacional,"Tenancy 47, Ground 727 Collins Street DOCKLANDS VIC 3008",75,144.95011811002945,-37.820702787550005,Docklands,Medium (50-149),2023
Igloo Cafe & St Moritz Bar,Part Ground & Pt Mezzanine 1 105 Pearl River Road DOCKLANDS VIC 3008,100,144.9356314462,-37.81213814697328,Docklands,Medium (50-149),2023
The Melbourne RSL,27-0 Windsor Place MELBOURNE 3000,240,144.97249159363227,-37.81194668805,Melbourne (CBD),Large (150+),2012
Stork Hotel,502-504 Elizabeth Street MELBOURNE 3000,180,144.9602753362627,-37.80718226960321,Melbourne (CBD),Large (150+),2007
Manchester Lane,36 Manchester Lane MELBOURNE 3000,250,144.9661997631,-37.816421623052754,Melbourne (CBD),Large (150+),2008
Bertha Brown,"Ground , 562-564 Flinders Street MELBOURNE 3000",270,144.95563480894998,-37.820595115918415,Melbourne (CBD),Large (150+),2012
Pensione Hotel Melbourne,10-22 Spencer Street MELBOURNE 3000,50,144.9552446783497,-37.8205093017,Melbourne (CBD),Medium (50-149),2012
The Apartment Restaurant Club Lounge,"LwrGround , 405 Little Bourke Street MELBOURNE 3000",250,144.9610341175,-37.814032806001194,Melbourne (CBD),Large (150+),2017
Escape City,"Level 1, 217 Russell Street MELBOURNE 3000",100,144.96723626336993,-37.81156147555,Melbourne (CBD),Medium (50-149),2017
Papa Goose / Mary Fortune Cocktail Bar,91 Flinders Lane MELBOURNE 3000,440,144.97121779675,-37.81541282961696,Melbourne (CBD),Large (150+),2018
Alchemist's Refuge,"Basement , 324-328 Little Lonsdale Street MELBOURNE 3000",60,144.9599405236,-37.8116745095178,Melbourne (CBD),Medium (50-149),2019
The Mill House Bar,"Unit 1, Basement 277 Flinders Lane MELBOURNE VIC 3000",400,144.96529756195,-37.81724060801719,Melbourne (CBD),Large (150+),2021
Harley House,Basement 71 Collins Street MELBOURNE VIC 3000,210,144.97134923095,-37.81434422060704,Melbourne (CBD),Large (150+),2021
Urban Central Accommodation,Pt Ground & Levels 1-5 334-342 City Road SOUTHBANK VIC 3006,290,144.9573512903071,-37.8278377219,Southbank,Large (150+),2022
Bond Bar,Ground 20-24 Bond Street MELBOURNE VIC 3000,500,144.9630578698032,-37.81814585805,Melbourne (CBD),Large (150+),2023
Civico 23,23 Bank Place MELBOURNE VIC 3000,80,144.96009729851846,-37.816395712,Melbourne (CBD),Medium (50-149),2023
Comedy Republic,Level 1-2 231 Bourke Street MELBOURNE VIC 3000,150,144.9668412273,-37.81343594634778,Melbourne (CBD),Large (150+),2023
Gin Palace,10 Russell Place MELBOURNE VIC 3000,150,144.9675811687,-37.81390744936704,Melbourne (CBD),Large (150+),2023
The Crafty Squire,115-127 Russell Street MELBOURNE VIC 3000,414,144.96815337114998,-37.81368233014109,Melbourne (CBD),Large (150+),2023
Bar Ampere,16 Russell Place MELBOURNE VIC 3000,60,144.9674365318,-37.813539026856645,Melbourne (CBD),Medium (50-149),2023
Magic Mountain Saloon,62-66 Little Collins Street MELBOURNE VIC 3000,285,144.971441857,-37.81280974337804,Melbourne (CBD),Large (150+),2023
Sky Lounge KTV,Level 1 163-165 Russell Street MELBOURNE VIC 3000,300,144.9676472887188,-37.8124662829,Melbourne (CBD),Large (150+),2023
Juliet Melbourne,Basement 37-41 Little Bourke Street MELBOURNE VIC 3000,100,144.97150588717997,-37.810836007199995,Melbourne (CBD),Medium (50-149),2023
Shanghai Club,"Unit 1, Ground 242 Little Bourke Street MELBOURNE VIC 3000",209,144.96558664045,-37.81209405621503,Melbourne (CBD),Large (150+),2023
Caretakers Cottage,Ground Sexton's Cottage Wesley Uniting Church 139-141 Little Lonsdale Street MELBOURNE VIC 3000,50,144.96817418196383,-37.80994367235,Melbourne (CBD),Medium (50-149),2023
B Lucky and Sons,"Shop 307, Level 3 300 Lonsdale Street MELBOURNE VIC 3000",200,144.96283887063584,-37.8109017475,Melbourne (CBD),Large (150+),2023
Diesel Bar,202 Little Lonsdale Street MELBOURNE VIC 3000,375,144.96283887063584,-37.8109017475,Melbourne (CBD),Large (150+),2023
Melbourne Central Lion Hotel,"Shop 303, Level 3 300 Lonsdale Street MELBOURNE VIC 3000",550,144.96283887063584,-37.8109017475,Melbourne (CBD),Large (150+),2023
Her Rooftop,Level 4 270 Lonsdale Street MELBOURNE VIC 3000,120,144.96414510925,-37.81148566819091,Melbourne (CBD),Medium (50-149),2023
Karaoke Box Hit Studio,52 La Trobe Street MELBOURNE VIC 3000,300,144.96724634790002,-37.80828526461921,Melbourne (CBD),Large (150+),2023
Pachanga,Part Ground 380 Russell Street MELBOURNE VIC 3000,170,144.96610530439278,-37.80749393235,Melbourne (CBD),Large (150+),2023
Hotel Lincoln,Lincoln Hotel 91 Cardigan Street CARLTON VIC 3053,154,144.96450570186147,-37.8044853162,Carlton,Large (150+),2023
Prudence Bar,368 Victoria Street NORTH MELBOURNE VIC 3051,80,144.95405415829998,-37.80543435891152,North Melbourne,Medium (50-149),2023
Henry Street Brewhouse,"Unit 5, 38 Barrett Street KENSINGTON VIC 3031",75,144.93431731836228,-37.7981034066,Kensington,Medium (50-149),2023
Tessie Pearl Hotel,Shop TG05 31 Dukes Walk SOUTH WHARF VIC 3006,150,144.95231929429832,-37.8254299844,Southbank,Large (150+),2023
The Green Room,262 City Road SOUTHBANK VIC 3006,100,144.95949664282836,-37.8259159307,Southbank,Medium (50-149),2023
Botanical Hotel,169 Domain Road SOUTH YARRA VIC 3141,245,144.98169999186757,-37.83431689295,South Yarra,Large (150+),2023
Melbourne Stadiums Limited,Marvel Stadium 740 Bourke Street DOCKLANDS VIC 3008,5000,144.94756023478496,-37.8167419748,Docklands,Large (150+),2023
North Melbourne Football Club Social Club,33 Arden Street NORTH MELBOURNE 3051,210,144.9413101818877,-37.79888820561025,North Melbourne,Large (150+),2004
The Bliss Lounge,"Basement , 11 Queen Street MELBOURNE 3000",210,144.9619565192058,-37.81862081553311,Melbourne (CBD),Large (150+),2007
Bass Lounge,"Suite 12, Basement , 108 Bourke Street MELBOURNE 3000",350,144.96976088525,-37.811726796048845,Melbourne (CBD),Large (150+),2010
Royal Park Hotel/Pub,399-405 Queensberry Street NORTH MELBOURNE 3051,114,144.95431461865493,-37.80378744545,North Melbourne,Medium (50-149),2011
Naughtons Hotel,43-49 Royal Parade PARKVILLE 3052,350,144.95753197405145,-37.79554428575,Parkville,Large (150+),2011
Story,"Level 1, 133 Queens Bridge Street SOUTHBANK 3006",120,144.96050441636524,-37.82526180655,Southbank,Medium (50-149),2012
Railway Hotel,118-126 Ireland Street WEST MELBOURNE 3003,241,144.94210293192347,-37.80607291495,West Melbourne (Residential),Large (150+),2013
Jawa Bar,297 Victoria Street WEST MELBOURNE 3003,40,144.95137608599526,-37.80564242105,West Melbourne (Residential),Small (< 50),2015
State of Grace,"Part Ground , 477 Collins Street MELBOURNE 3000",200,144.95855671707193,-37.81841762805868,Melbourne (CBD),Large (150+),2016
Sebel Melbourne - Flinders Lane,321 Flinders Lane MELBOURNE 3000,60,144.96375568035,-37.81773165451008,Melbourne (CBD),Medium (50-149),2017
Horse Bazaar,"Ground , 397 Little Lonsdale Street MELBOURNE 3000",158,144.9602499735,-37.81190053745877,Melbourne (CBD),Large (150+),2019
Ubar,8 Spencer Street MELBOURNE VIC 3000,128,144.95533640614002,-37.82071127185,Melbourne (CBD),Medium (50-149),2021
Mrs Parma's,19 Little Bourke Street MELBOURNE VIC 3000,300,144.97199016960002,-37.810742859904565,Melbourne (CBD),Large (150+),2021
Bar Humbug,586 Little Bourke Street MELBOURNE VIC 3000,30,144.9549686385438,-37.8153887167,Melbourne (CBD),Small (< 50),2021
Hotel Animal,204-208 King Street MELBOURNE VIC 3000,158,144.95548344509194,-37.815211851300006,Melbourne (CBD),Large (150+),2021
True Colour Lounge,Part Level 1 128-130 Little Bourke Street MELBOURNE VIC 3000,170,144.96851480934998,-37.810927165145536,Melbourne (CBD),Large (150+),2021
Icebar Melbourne,"Tenancy 15, Atrium Federation Square 2 Swanston Street MELBOURNE VIC 3000",166,144.96994164279243,-37.817777826050005,Melbourne (CBD),Large (150+),2023
The Q,Restaurant 509 Flinders Lane MELBOURNE VIC 3000,150,144.9568890728645,-37.81962534015,Melbourne (CBD),Large (150+),2023
Insignia On Flinders,502-504 Flinders Street MELBOURNE VIC 3000,200,144.95765644665,-37.82005688946613,Melbourne (CBD),Large (150+),2023
RU-CO,Part UprGround 121-131 Collins Street MELBOURNE VIC 3000,400,144.96980796645528,-37.81511565165,Melbourne (CBD),Large (150+),2023
QT Melbourne,"Basement , Gnd & Level 1-8 & 11 133 Russell Street MELBOURNE VIC 3000",885,144.96783665800314,-37.81342912795,Melbourne (CBD),Large (150+),2023
Bouvardia Melbourne,Level 2 169 Bourke Street MELBOURNE VIC 3000,150,144.9685634125,-37.812947112085325,Melbourne (CBD),Large (150+),2023
Spleen Central,41 Bourke Street MELBOURNE VIC 3000,100,144.9720476845,-37.81193513767982,Melbourne (CBD),Medium (50-149),2023
Good Heavens,Level 2 79 Bourke Street MELBOURNE VIC 3000,400,144.97103973560002,-37.81218018337256,Melbourne (CBD),Large (150+),2023
Stars KTV & Lounge,Level 1-4 184-186 Bourke Street MELBOURNE VIC 3000,200,144.96768897975,-37.81267570088254,Melbourne (CBD),Large (150+),2023
The Mill,Ground 67 Hardware Lane MELBOURNE VIC 3000,119,144.96090810025532,-37.8132346375,Melbourne (CBD),Medium (50-149),2023
Boilermaker House,209-211 Lonsdale Street MELBOURNE VIC 3000,180,144.96626025195002,-37.81143143651185,Melbourne (CBD),Large (150+),2023
Mesa Verde,"Unit S13, Level 6 252 Swanston Street MELBOURNE VIC 3000",175,144.965271426409,-37.81199286335,Melbourne (CBD),Large (150+),2023
Berlin Bar / House of Maximon,Level 1 16-20 Corrs Lane MELBOURNE VIC 3000,300,144.96838532430027,-37.811129317600006,Melbourne (CBD),Large (150+),2023
Bomba Tapas Bar and Rooftop,Ground & Rooftop 103 Lonsdale Street MELBOURNE VIC 3000,145,144.96925328869995,-37.81049413885108,Melbourne (CBD),Medium (50-149),2023
LONGSONG,Level 1 40-44 Little Bourke Street MELBOURNE VIC 3000,260,144.9711821656,-37.81059080656873,Melbourne (CBD),Large (150+),2023
La La Land,Level 1 391 Little Lonsdale Street MELBOURNE VIC 3000,175,144.9603413046,-37.811874044517,Melbourne (CBD),Large (150+),2023
Party World Karaoke Bar,"Shop 301, Level 3 300 Lonsdale Street MELBOURNE VIC 3000",430,144.96283887063584,-37.8109017475,Melbourne (CBD),Large (150+),2023
Mui Karaoke,Level 2 258 Lonsdale Street MELBOURNE VIC 3000,243,144.9643588506305,-37.81143183285,Melbourne (CBD),Large (150+),2023
Troika Bar,Ground 106 Little Lonsdale Street MELBOURNE VIC 3000,60,144.96858968255,-37.80915143474398,Melbourne (CBD),Medium (50-149),2023
Workshop,Level 1 413-417 Elizabeth Street MELBOURNE VIC 3000,230,144.9605217744215,-37.80918733525,Melbourne (CBD),Large (150+),2023
Johnny's Green Room,Rooftop 293 Lygon Street CARLTON VIC 3053,200,144.96704168875,-37.79838895068619,Carlton,Large (150+),2023
Wolf's Lair,Rear 331-335 Lygon Street CARLTON VIC 3053,80,144.96717190181073,-37.79751105955,Carlton,Medium (50-149),2023
The Balcony Shisha Bar,Level 1 143-145 Lygon Street CARLTON VIC 3053,119,144.96609762915,-37.80378400705,Carlton,Medium (50-149),2023
Joe Taylor,7 Errol Street NORTH MELBOURNE VIC 3051,30,144.94901387796543,-37.8047971288,North Melbourne,Small (< 50),2023
Bobbie Peels,Sir Robert Peel Hotel 351-359 Queensberry Street NORTH MELBOURNE VIC 3051,240,144.9559534402919,-37.8039544673,North Melbourne,Large (150+),2023
Route 66 Bar & Grill,150-152 Wellington Parade EAST MELBOURNE VIC 3002,77,144.98483488015614,-37.81608712015,East Melbourne,Medium (50-149),2023
Delaware North,Part MCG 120 Brunton Avenue EAST MELBOURNE VIC 3002,2800,144.9831879869999,-37.8200069278,East Melbourne,Large (150+),2023
Soho Restaurant & Bar,Part Ground 4 Riverside Quay SOUTHBANK VIC 3006,200,144.96337409882022,-37.82092446995,Southbank,Large (150+),2023
Jackpot Bar,"Shop 72, Ground 8 Whiteman Street SOUTHBANK VIC 3006",80,144.95833415319856,-37.8231615915,Southbank,Medium (50-149),2023
Atrium Bar,"Shop 70, Ground 8 Whiteman Street SOUTHBANK VIC 3006",100,144.95833415319856,-37.8231615915,Southbank,Medium (50-149),2023
Velvet Bar,Part Casino 8 Whiteman Street SOUTHBANK VIC 3006,200,144.95833415319856,-37.8231615915,Southbank,Large (150+),2023
Pan Pacific Melbourne,Pan Pacific Melbourne 2 Convention Centre Place SOUTH WHARF VIC 3006,60,144.95231929429832,-37.8254299844,Southbank,Medium (50-149),2023
Plus 5,37 South Wharf Promenade SOUTH WHARF VIC 3006,90,144.9506146124694,-37.82411173505,Southbank,Medium (50-149),2023
Munich Brau Haus,45 South Wharf Promenade SOUTH WHARF VIC 3006,1100,144.9506146124694,-37.82411173505,Southbank,Large (150+),2023
Urban Alley Brewery,Shop G09 12 Star Circus DOCKLANDS VIC 3008,700,144.93799833512347,-37.8132875139,Docklands,Large (150+),2023
The Flying Angel Club,717 Flinders Street DOCKLANDS VIC 3008,200,144.9513316597974,-37.82247270025,Docklands,Large (150+),2023
Twang Brewing,21 Melrose Street NORTH MELBOURNE VIC 3051,60,144.9414035519,-37.79501732002552,North Melbourne,Medium (50-149),2023
The Batman's Hill Hotel,66-70 Spencer Street MELBOURNE 3000,1500,144.95475962673038,-37.81942775489416,Melbourne (CBD),Large (150+),2007
The Oxford Scholar Hotel,427-433 Swanston Street MELBOURNE 3000,486,144.96297514475876,-37.8084449187,Melbourne (CBD),Large (150+),2014
Pho Melbourne,170 William Street MELBOURNE VIC 3000,50,144.9582198443308,-37.8149175538,Melbourne (CBD),Medium (50-149),2021
The Whisky Boutique / Ms Collins,Part Gnd & Mezzanine 425 Collins Street MELBOURNE VIC 3000,850,144.9606526789389,-37.8175282385,Melbourne (CBD),Large (150+),2023
Imperial Hotel,The Imperial Hotel 2-8 Bourke Street MELBOURNE VIC 3000,894,144.9726756216,-37.81120076789737,Melbourne (CBD),Large (150+),2023
Townhall Hotel North Melbourne,33 Errol Street NORTH MELBOURNE VIC 3051,40,144.94879450626792,-37.80412703475,North Melbourne,Small (< 50),2023
Queen Victoria Hostel,Victoria Hotel 312-316 Victoria Street NORTH MELBOURNE VIC 3051,100,144.9557050830865,-37.8056323416,North Melbourne,Medium (50-149),2023
Royce Hotel,Royce Hotel 375-385 St Kilda Road MELBOURNE VIC 3004,120,144.97554127223438,-37.8350825817,Melbourne (Remainder),Medium (50-149),2023
Ormond Collective,17 Moubray Street MELBOURNE VIC 3004,500,144.98151911479584,-37.847469445,Melbourne (Remainder),Large (150+),2023
Hightail,"Tenancy 40, LwrGround 18 Batmans Hill Drive DOCKLANDS VIC 3008",950,144.94982202293397,-37.8213126871,Docklands,Large (150+),2023
Atet,"Part Shed 2, North Wharf Road DOCKLANDS VIC 3008",550,144.9367318542416,-37.819774265899994,Docklands,Large (150+),2023
Canary Club,6 Russell Street MELBOURNE 3000,150,144.96902133155356,-37.81349217105,Melbourne (CBD),Large (150+),2010
Watermark Bar,"Shop 9, 800 Bourke Street DOCKLANDS 3008",300,144.9450799835413,-37.8188510501,Docklands,Large (150+),2011
Ice Lounge & Ski Lounge,"Ground , 296-298 Russell Street MELBOURNE 3000",152,144.96692730524177,-37.809572120750005,Melbourne (CBD),Large (150+),2012
Rue Bebelons,267 Swanston Street MELBOURNE 3000,74,144.964048236249,-37.81076372395,Melbourne (CBD),Medium (50-149),2013
Pop,68 Hardware Lane MELBOURNE 3000,280,144.9611061979,-37.8130703004677,Melbourne (CBD),Large (150+),2015
Lost and Found,524 Macaulay Road KENSINGTON 3031,40,144.9286331931,-37.79404184602849,Kensington,Small (< 50),2015
Burger Theory / The Hills Rooftop / The Tuxedo Cat,293-299 La Trobe Street MELBOURNE 3000,200,144.9605087922079,-37.810814483849995,Melbourne (CBD),Large (150+),2017
University Hotel,"Part Ground , 272 Lygon Street CARLTON 3053",111,144.96724408945,-37.80052682305912,Carlton,Medium (50-149),2017
Bennetts Lane Jazz Club,25 Bennetts Lane MELBOURNE 3000,300,144.96755702107387,-37.80889190335,Melbourne (CBD),Large (150+),2018
Rumour Restaurant Bar & Lounge,38 City Road SOUTHBANK 3006,100,144.96191853638004,-37.823835739,Southbank,Medium (50-149),2018
Mural Hall,Part Level 6 314-336 Bourke Street MELBOURNE VIC 3000,900,144.96382711175,-37.813447730023114,Melbourne (CBD),Large (150+),2021
Romeo Lane,4 Crossley Street MELBOURNE VIC 3000,99,144.97136417975338,-37.81155874855,Melbourne (CBD),Medium (50-149),2021
Gami Training Centre,100 Little Lonsdale Street MELBOURNE VIC 3000,73,144.96871967434998,-37.80913718523746,Melbourne (CBD),Medium (50-149),2021
Zinc,"Tenancy 18, Zinc 2 Swanston Street MELBOURNE VIC 3000",1000,144.96994164279243,-37.817777826050005,Melbourne (CBD),Large (150+),2023
The Sherlock Holmes Inn,Gnd & Bmt 417 Collins Street MELBOURNE VIC 3000,131,144.96086833885,-37.81746943542926,Melbourne (CBD),Medium (50-149),2023
Mitre Tavern,Mitre Tavern 5-9 Bank Place MELBOURNE VIC 3000,300,144.96028846791666,-37.8168041117,Melbourne (CBD),Large (150+),2023
The Charles Dickens Tavern,Part Basement 290 Collins Street MELBOURNE VIC 3000,450,144.96434075395388,-37.81552770375,Melbourne (CBD),Large (150+),2023
Max Watt's,Gnd & Bmt 125 Swanston Street MELBOURNE VIC 3000,800,144.96579902757662,-37.8147224869,Melbourne (CBD),Large (150+),2023
The Butterfly Club,Level 1-3 256 Collins Street MELBOURNE VIC 3000,190,144.96529077485002,-37.815523727614426,Melbourne (CBD),Large (150+),2023
Nick & Nora's,11 Benson Walk MELBOURNE VIC 3000,476,144.9706863215771,-37.81363930815,Melbourne (CBD),Large (150+),2023
Mail Exchange Hotel,Part Basement 688 Bourke Street MELBOURNE VIC 3000,600,144.95359044056096,-37.8166305854,Melbourne (CBD),Large (150+),2023
Murmur Piano Bar,Level 1 15-19 Warburton Lane MELBOURNE VIC 3000,70,144.9618461375,-37.81381261652099,Melbourne (CBD),Medium (50-149),2023
Black Opal,191 Swanston Street MELBOURNE VIC 3000,200,144.96501083586128,-37.8130993046,Melbourne (CBD),Large (150+),2023
Ballers Clubhouse,Level 2-3 2 Coverlid Place MELBOURNE VIC 3000,1500,144.9685177241,-37.81195835501776,Melbourne (CBD),Large (150+),2023
Welcome Stranger,Ground 124-128 Bourke Street MELBOURNE VIC 3000,350,144.9692644013,-37.81206977061173,Melbourne (CBD),Large (150+),2023
The Elephant and Wheelbarrow,94-96 Bourke Street MELBOURNE VIC 3000,450,144.97024358695,-37.81191580692429,Melbourne (CBD),Large (150+),2023
Paris Cat Jazz Club,4-6 Goldie Place MELBOURNE VIC 3000,120,144.96082902837784,-37.81351796725,Melbourne (CBD),Medium (50-149),2023
Penny Blue,2 Driver Lane MELBOURNE VIC 3000,85,144.96312748625002,-37.81292588925007,Melbourne (CBD),Medium (50-149),2023
The Emerald Peacock,233 Lonsdale Street MELBOURNE VIC 3000,300,144.96554789574998,-37.81158038740586,Melbourne (CBD),Large (150+),2023
The Toff In Town,"Unit S3-S4, Level 2 252 Swanston Street MELBOURNE VIC 3000",342,144.965271426409,-37.81199286335,Melbourne (CBD),Large (150+),2023
Euro House,Ground 16-20 Corrs Lane MELBOURNE VIC 3000,200,144.96838532430027,-37.811129317600006,Melbourne (CBD),Large (150+),2023
Club W,Basement 420 Lonsdale Street MELBOURNE VIC 3000,100,144.95996379012394,-37.81268993125,Melbourne (CBD),Medium (50-149),2023
Whisky and Alement,Ground 270 Russell Street MELBOURNE VIC 3000,90,144.96716401209824,-37.81011057515,Melbourne (CBD),Medium (50-149),2023
Coopers Inn,"Shop 1, 242 Exhibition Street MELBOURNE VIC 3000",400,144.9699756013,-37.809415028369145,Melbourne (CBD),Large (150+),2023
Captain Melville,Mac's Hotel 34-38 Franklin Street MELBOURNE VIC 3000,355,144.96162023070002,-37.8075189651329,Melbourne (CBD),Large (150+),2023
Crowne Plaza Melbourne,Crowne Plaza 1-5 Spencer Street DOCKLANDS VIC 3008,84,144.95501736365668,-37.8226703933,Docklands,Medium (50-149),2023
Clyde Hotel,377-391 Cardigan Street CARLTON VIC 3053,239,144.9657543172,-37.797255385880234,Carlton,Large (150+),2023
Fossey's Distillery Lygon,209 Lygon Street CARLTON VIC 3053,100,144.96660123313228,-37.80041990085,Carlton,Medium (50-149),2023
Carlton Yacht Club Bar,298 Lygon Street CARLTON VIC 3053,46,144.96737628730443,-37.79998581375,Carlton,Small (< 50),2023
Epocha Restaurant,Montefiore House Exhibition Mews 49 Rathdowne Street CARLTON VIC 3053,124,144.96856221768635,-37.8057719245,Carlton,Medium (50-149),2023
Limerick Castle Hotel & Restaurant,Limerick Castle Hotel & Restaurant 161-163 Errol Street NORTH MELBOURNE VIC 3051,175,144.94963795699823,-37.8011579495,North Melbourne,Large (150+),2023
The Castle Hotel,56-58 Courtney Street NORTH MELBOURNE VIC 3051,317,144.953033796439,-37.8008983338,North Melbourne,Large (150+),2023
The Barre,100 St Kilda Road SOUTHBANK VIC 3006,300,144.9681703081,-37.82094203724495,Southbank,Large (150+),2023
P J O'Briens Irish Pub & Side Bar,"Shop 12-16, Ground 3 Southgate Avenue SOUTHBANK VIC 3006",549,144.96630308550658,-37.8207182429,Southbank,Large (150+),2023
Yarra Botanica,Part Southbank Promenade 2 Southgate Avenue SOUTHBANK VIC 3006,684,144.9642064725867,-37.82037813495,Southbank,Large (150+),2023
SHOWTIME EVENT CENTRE PTY LTD,Shop FG01 20 Convention Centre Place SOUTH WHARF VIC 3006,1036,144.95231929429832,-37.8254299844,Southbank,Large (150+),2023
Melbourne Public,11-15 Dukes Walk SOUTH WHARF VIC 3006,1000,144.95231929429832,-37.8254299844,Southbank,Large (150+),2023
The Nixon Hotel,749 Bourke Street DOCKLANDS VIC 3008,320,144.94799200433602,-37.8193808719,Docklands,Large (150+),2023
Flemington & Kensington RSL Club,RSL 25-27 Rankins Road KENSINGTON VIC 3031,90,144.93219500671228,-37.7893223473,Kensington,Medium (50-149),2023
Hyde,312 Russell Street MELBOURNE 3000,269,144.9668252164964,-37.80932654189252,Melbourne (CBD),Large (150+),2007
Musicbox  - Karaoke Bar,"Ground , 547 Elizabeth Street MELBOURNE 3000",150,144.9584782220686,-37.80538135455,North Melbourne,Large (150+),2015
Clocks At Flinders Street Station,"Shop 17,  Flinders Street MELBOURNE 3000",300,144.96577579893395,-37.8186817777,Melbourne (CBD),Large (150+),2017
Xiang Club,"Part Level 3, 206 Bourke Street MELBOURNE 3000",150,144.96687115185,-37.81267380947152,Melbourne (CBD),Large (150+),2017
Holiday Inn Melbourne On Flinders,Holiday Inn on Flinders 561-585 Flinders Lane MELBOURNE VIC 3000,100,144.95510422847929,-37.820200051650005,Melbourne (CBD),Medium (50-149),2023
Spice Market,Part LwrGround 121-131 Collins Street MELBOURNE VIC 3000,800,144.96980796645528,-37.81511565165,Melbourne (CBD),Large (150+),2023
Pulo Pool Parlour,Part LwrGround 546 Collins Street MELBOURNE VIC 3000,120,144.95584419736474,-37.81824450365,Melbourne (CBD),Medium (50-149),2023
Little Ramen Bar,369 Little Collins Street MELBOURNE VIC 3000,72,144.96268877625,-37.81601648208985,Melbourne (CBD),Medium (50-149),2023
Eva's Restaurant & Bar,Mezzanine 195 Swanston Street MELBOURNE VIC 3000,200,144.96501083586128,-37.8130993046,Melbourne (CBD),Large (150+),2023
Bard's Apothecary,24 Crossley Street MELBOURNE VIC 3000,80,144.97120960655002,-37.811383624034974,Melbourne (CBD),Medium (50-149),2023
Double Happiness Bar / New Gold Mountain,21 Liverpool Street MELBOURNE VIC 3000,100,144.97126461016583,-37.81118096195,Melbourne (CBD),Medium (50-149),2023
Chef David,"Shop 102, Level 1 458 Elizabeth Street MELBOURNE VIC 3000",189,144.96062400307895,-37.80783716475,Melbourne (CBD),Large (150+),2023
Leonie Upstairs,"Level 1,15-17 Lincoln Square South CARLTON VIC 3053",62,144.9628566728,-37.80337041860672,Carlton,Medium (50-149),2023
University House Club,University House Building 112 230 Grattan Street PARKVILLE VIC 3010,611,144.96120873245002,-37.79677209594333,Parkville,Large (150+),2023
Shadow Play By Peppers,107 Clarendon Street SOUTHBANK VIC 3006,50,144.9582569877917,-37.8271311269,Southbank,Medium (50-149),2023
Waterslide Bar,"Restaurant 3, Mid Lvl 3 Southgate Avenue SOUTHBANK VIC 3006",200,144.96630308550658,-37.8207182429,Southbank,Large (150+),2023
The Quiet Man Irishman Pub,The Quiet Man Hotel 265-271 Racecourse Road KENSINGTON VIC 3031,400,144.93236542065733,-37.788610998349995,Kensington,Large (150+),2023
Bonehead Brewing,86-90 Parsons Street KENSINGTON VIC 3031,80,144.93519168685492,-37.79045306345,Kensington,Medium (50-149),2023
United Kingdom Settlers Association,"Front Floor 1, 146W Toorak Road SOUTH YARRA 3141",100,144.9843804943388,-37.83764654440955,South Yarra,Medium (50-149),2005
Hard Rock Cafe,1 Spring Street MELBOURNE 3000,500,144.9729329718854,-37.811995901555065,Melbourne (CBD),Large (150+),2007
Rydges Melbourne Hotel,"Part Ground , 174-192 Exhibition Street MELBOURNE 3000",100,144.97059788796204,-37.8112189809,Melbourne (CBD),Medium (50-149),2010
Rathdowne Tavern,184 Rathdowne Street CARLTON 3053,140,144.97123033445,-37.79476565983802,Carlton,Medium (50-149),2011
The Oasis Oz Hotel,175-191 Dryburgh Street NORTH MELBOURNE 3051,390,144.94336001515,-37.80205377559464,North Melbourne,Large (150+),2011
24 Moons,"Rear Level 2, 108-112 Flinders Street MELBOURNE 3000",195,144.97115550425,-37.81600505948468,Melbourne (CBD),Large (150+),2012
Massoni Wine Bar,"Shop 5, Ground , 90 Collins Street MELBOURNE 3000",112,144.9702869013,-37.814017675275906,Melbourne (CBD),Medium (50-149),2014
Levels Nightclub,"Level 1, 137-141 Bourke Street MELBOURNE 3000",400,144.969167321,-37.81279275577653,Melbourne (CBD),Large (150+),2014
Turf Club Hotel,1-3 Flemington Road NORTH MELBOURNE 3051,629,144.95639469877318,-37.801283117249994,North Melbourne,Large (150+),2017
RMIT Village Melbourne,5-17 Flemington Road NORTH MELBOURNE 3051,356,144.9558469108,-37.801435967312926,North Melbourne,Large (150+),2017
Alumbra,"Shed 9, Part  Harbour Esplanade DOCKLANDS 3008",690,144.9436688253851,-37.81648918185,Docklands,Large (150+),2019
Indu & Mejico,86A Collins Street MELBOURNE VIC 3000,290,144.97058439059998,-37.81393676506883,Melbourne (CBD),Large (150+),2021
Beer De Luxe,"Tenancy 17 & 23, Lvls 1-2 Atrium Federation Square 2 Swanston Street MELBOURNE VIC 3000",1000,144.96994164279243,-37.817777826050005,Melbourne (CBD),Large (150+),2023
Clique Bar,Level 1 26 King Street MELBOURNE VIC 3000,222,144.95746565053372,-37.81952905265,Melbourne (CBD),Large (150+),2023
Miranda Tequila Bar,"Unit 1, Basement 313-315 Flinders Lane MELBOURNE VIC 3000",100,144.96385087395,-37.81763997994896,Melbourne (CBD),Medium (50-149),2023
The Adelphi Hotel,Gnd-Lvl 7 187 Flinders Lane MELBOURNE VIC 3000,80,144.9683751885,-37.81635841773196,Melbourne (CBD),Medium (50-149),2023
Father's Office Downtown,"Unit 1, Gnd & Bmt 121 Flinders Lane MELBOURNE VIC 3000",350,144.97051356175,-37.81567232104298,Melbourne (CBD),Large (150+),2023
GoGo Bar,Basement 125 Flinders Lane MELBOURNE VIC 3000,300,144.97039992735,-37.81568919693426,Melbourne (CBD),Large (150+),2023
Lustre Bar,4A Centre Place MELBOURNE VIC 3000,85,144.96559654045,-37.81660289619204,Melbourne (CBD),Medium (50-149),2023
MELBOURNE SAVAGE CLUB,The Melbourne Savage Club 12-16 Bank Place MELBOURNE VIC 3000,90,144.9605773490057,-37.81654512525,Melbourne (CBD),Medium (50-149),2023
Marrakech Bar,LwrGround 25 Bank Place MELBOURNE VIC 3000,200,144.96009729851846,-37.816395712,Melbourne (CBD),Large (150+),2023
The Australian Club Inc,98-110 William Street MELBOURNE VIC 3000,280,144.95912288463865,-37.816746354550006,Melbourne (CBD),Large (150+),2023
The George on Collins,"Shop B1, Basement 162 Collins Street MELBOURNE VIC 3000",620,144.96784765085,-37.814502920035494,Melbourne (CBD),Large (150+),2023
Bourke Street Green,Courtyard Ground 501 Bourke Street MELBOURNE VIC 3000,100,144.9595844372,-37.81588561749844,Melbourne (CBD),Medium (50-149),2023
The Dove Club,Level 2 318-322 Little Collins Street MELBOURNE VIC 3000,380,144.96400961705,-37.814886608596126,Melbourne (CBD),Large (150+),2023
Lychee Entertainment,Level 1-2 215 Bourke Street MELBOURNE VIC 3000,150,144.9672985356574,-37.8132801326,Melbourne (CBD),Large (150+),2023
Showgirls Bar 20,193-195 King Street MELBOURNE VIC 3000,285,144.95508140553954,-37.8156958826,Melbourne (CBD),Large (150+),2023
La Di Da,188-200 King Street MELBOURNE VIC 3000,458,144.9556241679,-37.81551358122934,Melbourne (CBD),Large (150+),2023
Holey Moley Golf Club,590-592 Little Bourke Street MELBOURNE VIC 3000,700,144.95469881445,-37.81533849869275,Melbourne (CBD),Large (150+),2023
Exford Hotel,199-203 Russell Street MELBOURNE VIC 3000,300,144.96734080898327,-37.81179187755,Melbourne (CBD),Large (150+),2023
Goldilocks,Rooftop 264 Swanston Street MELBOURNE VIC 3000,60,144.96514740335823,-37.81181061845,Melbourne (CBD),Medium (50-149),2023
Golden Nugget,Ground 117 Lonsdale Street MELBOURNE VIC 3000,250,144.9689026007,-37.81079279084446,Melbourne (CBD),Large (150+),2023
Heartbreaker,234A Russell Street MELBOURNE VIC 3000,166,144.96764384655324,-37.8109824535,Melbourne (CBD),Large (150+),2023
Strike Bowling,245-247 Little Lonsdale Street MELBOURNE VIC 3000,370,144.965725053002,-37.81067861705,Melbourne (CBD),Large (150+),2023
Strike Bowling Melbourne Central / Strike Escape Rooms Melbourne Central,"Shop 305, Level 3 300 Lonsdale Street MELBOURNE VIC 3000",760,144.96283887063584,-37.8109017475,Melbourne (CBD),Large (150+),2023
Bornga,Level 1 258 Lonsdale Street MELBOURNE VIC 3000,40,144.9643588506305,-37.81143183285,Melbourne (CBD),Small (< 50),2023
Dom's,Level 1- 2 & Rooftop 301 Swanston Street MELBOURNE VIC 3000,250,144.96419264487724,-37.8110777883,Melbourne (CBD),Large (150+),2023
Jankara Karaoke,Ground 300 Russell Street MELBOURNE VIC 3000,80,144.96690504910487,-37.80951656,Melbourne (CBD),Medium (50-149),2023
Kicks,446 Elizabeth Street MELBOURNE VIC 3000,365,144.96085872234173,-37.8083080579,Melbourne (CBD),Large (150+),2023
Meet Sando,507 Elizabeth Street MELBOURNE VIC 3000,20,144.9576272223,-37.807832574221266,Melbourne (CBD),Small (< 50),2023
El Giza Bar & Lounge,152-154 Lygon Street CARLTON VIC 3053,123,144.96674436844162,-37.80359331565,Carlton,Medium (50-149),2023
Albion Hotel,171-173 Curzon Street NORTH MELBOURNE VIC 3051,100,144.94855064566946,-37.7988987402,North Melbourne,Medium (50-149),2023
The Drunken Poet,Ground 65 Peel Street WEST MELBOURNE VIC 3003,50,144.9554972915016,-37.8066676736,West Melbourne (Residential),Medium (50-149),2023
The Cloakroom Bar,Level 46 105 Clarendon Street SOUTHBANK VIC 3006,50,144.9582569877917,-37.8271311269,Southbank,Medium (50-149),2023
Belgian Beer Cafe Melbourne,5 Riverside Quay SOUTHBANK VIC 3006,638,144.9645386201,-37.82168057084684,Southbank,Large (150+),2023
Lumia Bar,"Shop 73, Ground 8 Whiteman Street SOUTHBANK VIC 3006",140,144.95833415319856,-37.8231615915,Southbank,Medium (50-149),2023
Menzies Tavern,"Part Level 1, 525 Collins Street MELBOURNE 3000",200,144.9574852972072,-37.81756404569752,Melbourne (CBD),Large (150+),2007
Redback Brewery Hotel,75 Flemington Road NORTH MELBOURNE 3051,650,144.9533476439841,-37.798950608050006,North Melbourne,Large (150+),2008
Testing Ground,1-23 City Road SOUTHBANK VIC 3006,500,144.96752308838842,-37.8213758077,Southbank,Large (150+),2022
Network Public Bar & Pizzeria,"Shop 4-5, Ground 99 Spencer Street DOCKLANDS VIC 3008",325,144.9522268972,-37.818411730415505,Docklands,Large (150+),2022
KSR Art Bar,Level 1 62-66 King Street MELBOURNE VIC 3000,240,144.95714694640196,-37.81874468575,Melbourne (CBD),Large (150+),2023
European Bier Cafe,114-122 Exhibition Street MELBOURNE VIC 3000,735,144.9711969512,-37.81286229010783,Melbourne (CBD),Large (150+),2023
Charlie's Bar,Basement 67 Hardware Lane MELBOURNE VIC 3000,143,144.96090810025532,-37.8132346375,Melbourne (CBD),Medium (50-149),2023
Kirk's Public Bar,382 Little Bourke Street MELBOURNE VIC 3000,98,144.96132807458443,-37.8135435217,Melbourne (CBD),Medium (50-149),2023
Union Electric Bar & Rooftop Gin Garden,13 Heffernan Lane MELBOURNE VIC 3000,100,144.9665916738665,-37.8118017467,Melbourne (CBD),Medium (50-149),2023
HATS AND TATTS CITY,Level 1 246 Russell Street MELBOURNE VIC 3000,197,144.9673253507496,-37.81047428985,Melbourne (CBD),Large (150+),2023
SEAFOOD MINGLE,Level 1 272-282 Lonsdale Street MELBOURNE VIC 3000,50,144.96399639656,-37.81152916515,Melbourne (CBD),Medium (50-149),2023
Music Room,Level 1 270 Lonsdale Street MELBOURNE VIC 3000,70,144.96414510925,-37.81148566819091,Melbourne (CBD),Medium (50-149),2023
Ballers Clubhouse,171-175 Elgin Street CARLTON VIC 3053,200,144.96870745552718,-37.79750606065,Carlton,Large (150+),2023
Bar Bellamy,164 Rathdowne Street CARLTON VIC 3053,47,144.97113272902246,-37.7954766408,Carlton,Small (< 50),2023
Hotel Spencer Bar & Grill,Ground 475 Spencer Street WEST MELBOURNE VIC 3003,150,144.94925101372155,-37.80956895705,West Melbourne (Residential),Large (150+),2023
The Press Club Restuarant & Bar Pty Ltd,68-74 Flinders Street MELBOURNE 3000,90,144.97272087713685,-37.81546171375,Melbourne (CBD),Medium (50-149),2010
Purple Emerald,"Ground , 191 Flinders Street MELBOURNE 3000",100,144.96856313955965,-37.81660267105,Melbourne (CBD),Medium (50-149),2011
Rainbow Karaoke,"Part Level 2, 206 Bourke Street MELBOURNE 3000",400,144.96687115185,-37.81267380947152,Melbourne (CBD),Large (150+),2017
White Lane by Food & Desire,"Level 2, 31 Flinders Lane MELBOURNE 3000",250,144.97329295039998,-37.81489767993339,Melbourne (CBD),Large (150+),2019
The Croft Institute,21-25 Croft Alley MELBOURNE 3000,250,144.9690874996,-37.81206333412739,Melbourne (CBD),Large (150+),2019
Sister Bella,9 Drewery Place MELBOURNE 3000,80,144.96381670235,-37.81135526921891,Melbourne (CBD),Medium (50-149),2019
Metropolitan Hotel,42 Courtney Street NORTH MELBOURNE 3051,100,144.95409885643846,-37.80143001585,North Melbourne,Medium (50-149),2019
The Backlot Studios,65-71 Haig Street SOUTHBANK VIC 3006,78,144.956556491421,-37.827885359350006,Southbank,Medium (50-149),2019
Mama Rumaan,"Shed 9, Part  Harbour Esplanade DOCKLANDS 3008",60,144.9436688253851,-37.81648918185,Docklands,Medium (50-149),2019
Angel Music Bar,12 Bourke Street MELBOURNE VIC 3000,125,144.97250851245002,-37.81124810433032,Melbourne (CBD),Medium (50-149),2021
Transport Hotel,"Tenancy 29, Ground 2 Swanston Street MELBOURNE VIC 3000",500,144.96994164279243,-37.817777826050005,Melbourne (CBD),Large (150+),2023
Transit Rooftop Bar,"Tenancy 29, Level 2 2 Swanston Street MELBOURNE VIC 3000",200,144.96994164279243,-37.817777826050005,Melbourne (CBD),Large (150+),2023
State Of Grace,"Basement , Ground & Rooftop 27 King Street MELBOURNE VIC 3000",245,144.95694857715296,-37.81975555235,Melbourne (CBD),Large (150+),2023
Forum Theatre Bar,Part Ground 150-162 Flinders Street MELBOURNE VIC 3000,1500,144.9693864777,-37.81648558712138,Melbourne (CBD),Large (150+),2023
Saint & Rogue,582-584 Little Collins Street MELBOURNE VIC 3000,300,144.9553519104,-37.81741895875304,Melbourne (CBD),Large (150+),2023
The King Hotel,Part Ground 120 King Street MELBOURNE VIC 3000,500,144.95640730085,-37.81703244725573,Melbourne (CBD),Large (150+),2023
Tokyo Hustle,Level 2 59-63 Bourke Street MELBOURNE VIC 3000,150,144.9715655659,-37.81212342700134,Melbourne (CBD),Large (150+),2023
Loop Project Space & Bar,Ground 19-23 Meyers Place MELBOURNE VIC 3000,152,144.97210850771285,-37.812152294499995,Melbourne (CBD),Large (150+),2023
Whitehart,Rear 359 Lonsdale Street MELBOURNE VIC 3000,200,144.96187567925,-37.81275160036885,Melbourne (CBD),Large (150+),2023
Dodee Bbq,Level 1 243-249 Swanston Street MELBOURNE VIC 3000,300,144.9647362546334,-37.8123009589,Melbourne (CBD),Large (150+),2023
Rooftop Bar,"Unit S15, Level 7 252 Swanston Street MELBOURNE VIC 3000",200,144.965271426409,-37.81199286335,Melbourne (CBD),Large (150+),2023
The Meeting Place,"Gnd, Bmt & Level 2 315-321 Elizabeth Street MELBOURNE VIC 3000",250,144.9614594138,-37.81122099959329,Melbourne (CBD),Large (150+),2023
Patsys Melbourne,211-213 Franklin Street MELBOURNE VIC 3000,56,144.9578403302,-37.80968258858312,Melbourne (CBD),Medium (50-149),2023
Capitano,Ground 421 Rathdowne Street CARLTON VIC 3053,100,144.97042686285,-37.7965204303913,Carlton,Medium (50-149),2023
Central Club Hotel,240-248 Victoria Street NORTH MELBOURNE VIC 3051,150,144.9581226029875,-37.80591122515,North Melbourne,Large (150+),2023
The Last Chance Rock & Roll Bar,238 Victoria Street MELBOURNE VIC 3000,180,144.95858732700793,-37.80593323695,North Melbourne,Large (150+),2023
Ponyfish Island,Kiosk Evan Walker Bridge SOUTHBANK VIC 3006,150,144.96506466805,-37.81983184253183,Southbank,Large (150+),2023
The Pub at Crown,Part Casino 8 Whiteman Street SOUTHBANK VIC 3006,650,144.95833415319856,-37.8231615915,Southbank,Large (150+),2023
Australia On Collins Bar,"Shop 121, Basement , 260 Collins Street MELBOURNE 3000",11,144.96491857864146,-37.81541503501324,Melbourne (CBD),Small (< 50),2003
Nieuw Amsterdam,"Unit 1, 106-112 Hardware Street MELBOURNE 3000",200,144.96068072411532,-37.8121363622,Melbourne (CBD),Large (150+),2017
City Mic Bar Karaoke,642-644 Elizabeth Street MELBOURNE 3000,70,144.95861439894244,-37.80328698225,Carlton,Medium (50-149),2013
Floyd's Bar,Restaurant Level 2 399 Little Lonsdale Street MELBOURNE VIC 3000,786,144.96013610345,-37.81204551781832,Melbourne (CBD),Large (150+),2021
Riverland Bar,"Vault 1-12 & 13A-13B, 1-13B Princes Walk MELBOURNE VIC 3000",300,144.96865384918814,-37.81867874765,Melbourne (CBD),Large (150+),2023
Tramp Bar,Basement 20 King Street MELBOURNE VIC 3000,260,144.9577137804946,-37.8197759733,Melbourne (CBD),Large (150+),2023
Yarra Falls,"Shop 3, 387 Flinders Lane MELBOURNE VIC 3000",33,144.9613890915,-37.81825089919776,Melbourne (CBD),Small (< 50),2023
Bartronica,Basement 335 Flinders Lane MELBOURNE VIC 3000,200,144.96322586075,-37.81784716661798,Melbourne (CBD),Large (150+),2023
Candela Nuevo,Suite 1201 & Part Rooftop 2 Queen Street MELBOURNE VIC 3000,300,144.96271041415488,-37.8185876429,Melbourne (CBD),Large (150+),2023
The Fair Trader Cafe,Part Ground 11 Exhibition Street MELBOURNE VIC 3000,118,144.9717264012,-37.815461267220016,Melbourne (CBD),Medium (50-149),2023
Oak and Vine,"Unit 1R-2R, Ground 60 Market Street MELBOURNE VIC 3000",370,144.9608187218783,-37.817777314249994,Melbourne (CBD),Large (150+),2023
Dikstein's Corner Bar,433 Little Collins Street MELBOURNE VIC 3000,145,144.96034180549998,-37.816313871331374,Melbourne (CBD),Medium (50-149),2023
GG EZ Bar,Basement 95 Queen Street MELBOURNE VIC 3000,167,144.96097442470295,-37.8163780027,Melbourne (CBD),Large (150+),2023
Maniax Axe Throwing Melbourne CBD,Gnd & Bmt 121 Elizabeth Street MELBOURNE VIC 3000,300,144.96330054055,-37.815577516659154,Melbourne (CBD),Large (150+),2023
Fika Island,Part Ground & Level 1-2 267 Little Collins Street MELBOURNE VIC 3000,190,144.9656017104,-37.814831977068074,Melbourne (CBD),Large (150+),2023
Cookie,"Unit S2, Level 1 252 Swanston Street MELBOURNE VIC 3000",300,144.965271426409,-37.81199286335,Melbourne (CBD),Large (150+),2023
Section 8 Bar,27-29 Tattersalls Lane MELBOURNE VIC 3000,100,144.96538955066575,-37.8117616219,Melbourne (CBD),Medium (50-149),2023
Hwayo,19 Healeys Lane MELBOURNE VIC 3000,59,144.95558460935,-37.81374534650281,Melbourne (CBD),Medium (50-149),2023
The Oxford Scholar Hotel,Oxford Scholar Hotel 427 Swanston Street MELBOURNE VIC 3000,600,144.9626891397,-37.808263981964075,Melbourne (CBD),Large (150+),2023
The Leveson,The Leveson 46-50 Leveson Street NORTH MELBOURNE VIC 3051,400,144.95145909472402,-37.803700183450005,North Melbourne,Large (150+),2023
Kingpin Crown,"Shop 120, Gnd & Mezz 27 Whiteman Street SOUTHBANK VIC 3006",347,144.95844221541506,-37.82540402895,Southbank,Large (150+),2023
Gaylord Indian Restaurant,Restaurant 33 Spencer Street DOCKLANDS VIC 3008,199,144.95420016165,-37.82017729951458,Docklands,Large (150+),2023
Peppers Docklands Hotel,681 La Trobe Street DOCKLANDS VIC 3008,25,144.94749263943112,-37.8148999005,Docklands,Small (< 50),2023
Karizma,28 Newquay Promenade DOCKLANDS VIC 3008,321,144.94217044997197,-37.81436129585,Docklands,Large (150+),2023
Blvd Bar,"Shop 7, 3-9 Freshwater Place SOUTHBANK 3006",562,144.96218258375137,-37.82171509275,Southbank,Large (150+),2012
The Savoy Tavern,677 Spencer Street MELBOURNE 3000,594,144.9537615134419,-37.817391041984095,Melbourne (CBD),Large (150+),2016
Bull And Bear Tavern,347 Flinders Lane MELBOURNE 3000,415,144.96303102085,-37.81782339018272,Melbourne (CBD),Large (150+),2017
Bar Bambi,Basement 103 Flinders Lane MELBOURNE VIC 3000,200,144.97096432815,-37.81556721749156,Melbourne (CBD),Large (150+),2023
Eau-de-Vie,Rear 88 Flinders Street MELBOURNE VIC 3000,150,144.97168700995002,-37.815948369203376,Melbourne (CBD),Large (150+),2023
Fiftyfive,Basement 55 Elizabeth Street MELBOURNE VIC 3000,88,144.96412997115252,-37.8169723947,Melbourne (CBD),Medium (50-149),2023
The Irish Times,Gnd & Flr1 427 Little Collins Street MELBOURNE VIC 3000,170,144.9605354565,-37.81625436476561,Melbourne (CBD),Large (150+),2023
The Next Hotel Melbourne,103 Little Collins Street MELBOURNE VIC 3000,321,144.9706863215771,-37.81363930815,Melbourne (CBD),Large (150+),2023
The Carlton Hotel,"Levels 1,2 & 4 193-199 Bourke Street MELBOURNE VIC 3000",366,144.9676457082,-37.81320441548179,Melbourne (CBD),Large (150+),2023
Seamstress,113 Lonsdale Street MELBOURNE VIC 3000,160,144.9690110808,-37.8105653381264,Melbourne (CBD),Large (150+),2023
Banter Wine Bar,"Ground , 562 Queensberry Street NORTH MELBOURNE 3051",50,144.94871248665,-37.802718662022784,North Melbourne,Medium (50-149),2015
The Trust,"Unit 1, 29 Market Street MELBOURNE 3000",350,144.96042989133713,-37.818646932212395,Melbourne (CBD),Large (150+),2016
Cafe De Tuscany,429 Little Collins Street MELBOURNE 3000,117,144.9604614374315,-37.816279944614735,Melbourne (CBD),Medium (50-149),2016
HiHou,"Level 1, 1 Spring Street MELBOURNE 3000",80,144.97410115885282,-37.814545339350005,Melbourne (CBD),Medium (50-149),2019
Fireflies Club,"Level 1, 118-122 Bourke Street MELBOURNE 3000",72,144.96954824555002,-37.81207458095632,Melbourne (CBD),Medium (50-149),2019
Waterside Hotel,Waterside Hotel 508-514 Flinders Street MELBOURNE VIC 3000,983,144.9571504476,-37.82016599807918,Melbourne (CBD),Large (150+),2020
Highlander Bar,11A Highlander Lane MELBOURNE VIC 3000,202,144.95797023355,-37.81970313945506,Melbourne (CBD),Large (150+),2021
Bunker Lounge Bar,"Unit 1, Basement , 407 Swanston Street MELBOURNE 3000",92,144.9631826685038,-37.8089556346,Melbourne (CBD),Medium (50-149),2010
High Fidelity,"Part Ground , 461 Bourke Street MELBOURNE 3000",500,144.96017288029998,-37.81549193254675,Melbourne (CBD),Large (150+),2012
Paloma,"Unit 4, Ground , 480 Collins Street MELBOURNE 3000",80,144.95796258952458,-37.817651578674486,Melbourne (CBD),Medium (50-149),2016
Elm's Family Hotel,Part 267-271 Spring Street MELBOURNE 3000,200,144.97145390976615,-37.808610073043155,Melbourne (CBD),Large (150+),2016
Commodity Cafe,"Part Ground , 499 St Kilda Road MELBOURNE 3004",150,144.97908599467,-37.84331889873595,Melbourne (Remainder),Large (150+),2016
Playground,"Basement , 22-26 Corrs Lane MELBOURNE 3000",50,144.968324247882,-37.81099753385,Melbourne (CBD),Medium (50-149),2019
The Douglas Club,472 Bourke Street MELBOURNE VIC 3000,50,144.9595996598,-37.81486039782858,Melbourne (CBD),Medium (50-149),2023
Heroes Bar,188 Bourke Street MELBOURNE VIC 3000,302,144.9676138651,-37.81269719786064,Melbourne (CBD),Large (150+),2023
FM Karaoke Bar,Pt Gnd & Levels 1-2 146 Bourke Street MELBOURNE VIC 3000,100,144.96874244775,-37.812354270077144,Melbourne (CBD),Medium (50-149),2023
Beneath Driver Lane,Basement 318 Little Bourke Street MELBOURNE VIC 3000,118,144.96312748625002,-37.81292588925007,Melbourne (CBD),Medium (50-149),2023
Manchuria,Level 1 7-9 Waratah Place MELBOURNE VIC 3000,80,144.96699031789075,-37.8116248871,Melbourne (CBD),Medium (50-149),2023
The Courthouse Hotel North Melbourne,Court House Hotel 86-90 Errol Street NORTH MELBOURNE VIC 3051,50,144.94995536554424,-37.802877740149995,North Melbourne,Medium (50-149),2023
Life's Too Short Bar,"Shop 3, 166 Albert Street EAST MELBOURNE VIC 3002",40,144.9856242014758,-37.81004732904999,East Melbourne,Small (< 50),2023
Groove Live Bar and Terrace,"Shop 71, Ground 8 Whiteman Street SOUTHBANK VIC 3006",600,144.95833415319856,-37.8231615915,Southbank,Large (150+),2023
